Country_Name,Country_Code,Indicator Name,Indicator Code,1980,1981,1982,1983,1984,1985,1986,1987,1988,1989,1990,1991,1992,1993,1994,1995,1996,1997,1998,1999,2000,2001,2002,2003,2004,2005,2006,2007,2008,2009,2010,2011,2012,2013,2014,2015,2016,2017
Aruba,ABW,Poverty gap at $5.50 a day (2011 PPP) (% of population),SI.POV.UMIC.GP,,,,,,,,,,,,,,,,,,,,,,,,,,,,,,,,,,,,,,
Afghanistan,AFG,Poverty gap at $5.50 a day (2011 PPP) (% of population),SI.POV.UMIC.GP,,,,,,,,,,,,,,,,,,,,,,,,,,,,,,,,,,,,,,
Angola,AGO,Poverty gap at $5.50 a day (2011 PPP) (% of population),SI.POV.UMIC.GP,,,,,,,,,,,,,,,,,,,,,,,,,,,,,42.9,,,,,,,,,
Albania,ALB,Poverty gap at $5.50 a day (2011 PPP) (% of population),SI.POV.UMIC.GP,,,,,,,,,,,,,,,,,14.9,,,,,,18.1,,,12.4,,,9,,,,10.3,,,,,
Andorra,AND,Poverty gap at $5.50 a day (2011 PPP) (% of population),SI.POV.UMIC.GP,,,,,,,,,,,,,,,,,,,,,,,,,,,,,,,,,,,,,,
Arab World,ARB,Poverty gap at $5.50 a day (2011 PPP) (% of population),SI.POV.UMIC.GP,,,,,,,,,,,,,,,,,,,,,,,,,,,,,,,,,,,,,,
United Arab Emirates,ARE,Poverty gap at $5.50 a day (2011 PPP) (% of population),SI.POV.UMIC.GP,,,,,,,,,,,,,,,,,,,,,,,,,,,,,,,,,,,,,,
Argentina,ARG,Poverty gap at $5.50 a day (2011 PPP) (% of population),SI.POV.UMIC.GP,2.4,,,,,,1.4,3.1,,,,4.5,5,5.5,5.7,8.1,9.1,8.5,9.3,9.7,11.2,14.8,21.7,17,13.2,10.4,8.1,7.3,6.6,6.4,5,3.9,3.8,3.8,4.4,,,
Armenia,ARM,Poverty gap at $5.50 a day (2011 PPP) (% of population),SI.POV.UMIC.GP,,,,,,,,,,,,,,,,,,,,39.3,,41.3,39,36.8,29.9,24.6,21.6,22,16.5,19.1,22.3,20.9,18.8,18.9,16.8,14.8,,
American Samoa,ASM,Poverty gap at $5.50 a day (2011 PPP) (% of population),SI.POV.UMIC.GP,,,,,,,,,,,,,,,,,,,,,,,,,,,,,,,,,,,,,,
Antigua and Barbuda,ATG,Poverty gap at $5.50 a day (2011 PPP) (% of population),SI.POV.UMIC.GP,,,,,,,,,,,,,,,,,,,,,,,,,,,,,,,,,,,,,,
Australia,AUS,Poverty gap at $5.50 a day (2011 PPP) (% of population),SI.POV.UMIC.GP,,1,,,,1.1,,,,0.9,,,,,,1,,,,,,0.9,,1.1,,,,,0.5,,0.5,,,,,,,
Austria,AUT,Poverty gap at $5.50 a day (2011 PPP) (% of population),SI.POV.UMIC.GP,,,,,,,,,,,,,,,,,,,,,,,,,0.1,0.2,0.2,0.5,0.5,0.7,0.5,0.6,0.3,0.3,0.3,,,
Azerbaijan,AZE,Poverty gap at $5.50 a day (2011 PPP) (% of population),SI.POV.UMIC.GP,,,,,,,,,,,,,,,,23.7,,,,,,17.5,1.6,2,0.9,0.9,,,4.3,,,,,,,,,
Burundi,BDI,Poverty gap at $5.50 a day (2011 PPP) (% of population),SI.POV.UMIC.GP,,,,,,,,,,,,,74.7,,,,,,77.7,,,,,,,,72.2,,,,,,,70.5,,,,
Belgium,BEL,Poverty gap at $5.50 a day (2011 PPP) (% of population),SI.POV.UMIC.GP,,,,,,,,,,,,,,,,,,,,,,,,,0.1,0.3,0.2,0.2,0.1,0.1,0.2,0.2,0.2,0.2,0.1,,,
Benin,BEN,Poverty gap at $5.50 a day (2011 PPP) (% of population),SI.POV.UMIC.GP,,,,,,,,,,,,,,,,,,,,,,,,57.9,,,,,,,,57.7,,,,59.2,,
Burkina Faso,BFA,Poverty gap at $5.50 a day (2011 PPP) (% of population),SI.POV.UMIC.GP,,,,,,,,,,,,,,,77.7,,,,75,,,,,61.9,,,,,,61,,,,,54.9,,,
Bangladesh,BGD,Poverty gap at $5.50 a day (2011 PPP) (% of population),SI.POV.UMIC.GP,,,,57.3,,54.3,,,58.2,,,58.6,,,,52.6,,,,,50.7,,,,,46.2,,,,,42.5,,,,,,,
Bulgaria,BGR,Poverty gap at $5.50 a day (2011 PPP) (% of population),SI.POV.UMIC.GP,,,,,,,,,,,,,0,,,,,,,,,,,,,,9.4,4.2,3,2.8,3.8,4.4,4.3,4.3,3.4,,,
Bahrain,BHR,Poverty gap at $5.50 a day (2011 PPP) (% of population),SI.POV.UMIC.GP,,,,,,,,,,,,,,,,,,,,,,,,,,,,,,,,,,,,,,
"Bahamas, The",BHS,Poverty gap at $5.50 a day (2011 PPP) (% of population),SI.POV.UMIC.GP,,,,,,,,,,,,,,,,,,,,,,,,,,,,,,,,,,,,,,
Bosnia and Herzegovina,BIH,Poverty gap at $5.50 a day (2011 PPP) (% of population),SI.POV.UMIC.GP,,,,,,,,,,,,,,,,,,,,,,2.1,,,1,,,0.7,,,,0.8,,,,,,
Belarus,BLR,Poverty gap at $5.50 a day (2011 PPP) (% of population),SI.POV.UMIC.GP,,,,,,,,,,,,,,,,,,,31.4,28.4,24.2,15.5,12.3,10.5,6.3,3.8,2.3,1.6,1.1,1,0.6,0.4,0.1,0.1,0.1,0.1,,
Belize,BLZ,Poverty gap at $5.50 a day (2011 PPP) (% of population),SI.POV.UMIC.GP,,,,,,,,,,,,,,21.5,22.2,,25.7,28.8,27.3,24.5,,,,,,,,,,,,,,,,,,
Bermuda,BMU,Poverty gap at $5.50 a day (2011 PPP) (% of population),SI.POV.UMIC.GP,,,,,,,,,,,,,,,,,,,,,,,,,,,,,,,,,,,,,,
Bolivia,BOL,Poverty gap at $5.50 a day (2011 PPP) (% of population),SI.POV.UMIC.GP,,,,,,,,,,,21.3,,,,,,,27.5,,32.5,37,31.7,33,,24.5,29.1,25.8,24.3,19.4,17.6,,13.4,14.4,12.7,11.7,11.9,,
Brazil,BRA,Poverty gap at $5.50 a day (2011 PPP) (% of population),SI.POV.UMIC.GP,,34.3,33.2,39.7,39.1,34.7,18.7,27.4,31.2,29.3,29.6,,30.4,29.5,,21.8,22.4,22.5,21.3,22.2,,22.2,21,21.7,20.1,18.5,16.1,15.3,13.3,12.6,,11,9.4,9.2,7.8,8.9,,
Barbados,BRB,Poverty gap at $5.50 a day (2011 PPP) (% of population),SI.POV.UMIC.GP,,,,,,,,,,,,,,,,,,,,,,,,,,,,,,,,,,,,,,
Brunei Darussalam,BRN,Poverty gap at $5.50 a day (2011 PPP) (% of population),SI.POV.UMIC.GP,,,,,,,,,,,,,,,,,,,,,,,,,,,,,,,,,,,,,,
Bhutan,BTN,Poverty gap at $5.50 a day (2011 PPP) (% of population),SI.POV.UMIC.GP,,,,,,,,,,,,,,,,,,,,,,,,46.8,,,,24.8,,,,,14.4,,,,,
Botswana,BWA,Poverty gap at $5.50 a day (2011 PPP) (% of population),SI.POV.UMIC.GP,,,,,,50,,,,,,,,43.7,,,,,,,,,38.6,,,,,,,28.7,,,,,,,,
Central African Republic,CAF,Poverty gap at $5.50 a day (2011 PPP) (% of population),SI.POV.UMIC.GP,,,,,,,,,,,,,81.1,,,,,,,,,,,66.8,,,,,66.6,,,,,,,,,
Canada,CAN,Poverty gap at $5.50 a day (2011 PPP) (% of population),SI.POV.UMIC.GP,,0.6,,,,,,0.3,,,,0.3,,,0.3,,,0.5,0.5,,0.4,,,,0.3,,,0.2,,,0.3,,,0.5,,,,
Central Europe and the Baltics,CEB,Poverty gap at $5.50 a day (2011 PPP) (% of population),SI.POV.UMIC.GP,,,,,,,,,,,,,,,,,,,,,,,,,,,,,,,,,,,,,,
Switzerland,CHE,Poverty gap at $5.50 a day (2011 PPP) (% of population),SI.POV.UMIC.GP,,,,,,,,,,,,,,,,,,,,,,,,,,,,0.1,0.1,0.1,0.1,0,0,0,,,,
Channel Islands,CHI,Poverty gap at $5.50 a day (2011 PPP) (% of population),SI.POV.UMIC.GP,,,,,,,,,,,,,,,,,,,,,,,,,,,,,,,,,,,,,,
Chile,CHL,Poverty gap at $5.50 a day (2011 PPP) (% of population),SI.POV.UMIC.GP,,,,,,,,19.4,,,18.9,,14.6,,13.8,,11.1,,10.3,,11.3,,,10.8,,,7.5,,,6.9,,5.2,,3,,3.3,,
China,CHN,Poverty gap at $5.50 a day (2011 PPP) (% of population),SI.POV.UMIC.GP,,,,,,,,,,,67.5,,,62.6,,,54.2,,,51.6,,,44.1,,,33.7,,,27.5,,23.1,19.8,17.2,11.7,,,,
Cote d'Ivoire,CIV,Poverty gap at $5.50 a day (2011 PPP) (% of population),SI.POV.UMIC.GP,,,,,,17.5,17.3,22,28.3,,,,38.3,,,38,,,42.6,,,,41.9,,,,,,43.8,,,,,,,43.3,,
Cameroon,CMR,Poverty gap at $5.50 a day (2011 PPP) (% of population),SI.POV.UMIC.GP,,,,,,,,,,,,,,,,,54.6,,,,,39.9,,,,,,42.2,,,,,,,35.3,,,
"Congo, Dem. Rep.",COD,Poverty gap at $5.50 a day (2011 PPP) (% of population),SI.POV.UMIC.GP,,,,,,,,,,,,,,,,,,,,,,,,,86.4,,,,,,,,73.7,,,,,
"Congo, Rep.",COG,Poverty gap at $5.50 a day (2011 PPP) (% of population),SI.POV.UMIC.GP,,,,,,,,,,,,,,,,,,,,,,,,,,56.1,,,,,,47.6,,,,,,
Colombia,COL,Poverty gap at $5.50 a day (2011 PPP) (% of population),SI.POV.UMIC.GP,,,,,,,,,,,,,18.7,,,,25.7,,,29.4,26.3,31.9,24.9,23.3,22.9,20.5,,,19.8,18.2,16.2,14.2,14.7,13.1,12.3,11.9,,
Comoros,COM,Poverty gap at $5.50 a day (2011 PPP) (% of population),SI.POV.UMIC.GP,,,,,,,,,,,,,,,,,,,,,,,,,27.5,,,,,,,,,30.4,,,,
Cabo Verde,CPV,Poverty gap at $5.50 a day (2011 PPP) (% of population),SI.POV.UMIC.GP,,,,,,,,,,,,,,,,,,,,,,29.4,,,,,,21.5,,,,,,,,,,
Costa Rica,CRI,Poverty gap at $5.50 a day (2011 PPP) (% of population),SI.POV.UMIC.GP,,45.7,,,,,22.4,,,20.2,17.3,20.4,17.8,15,12.5,13.2,14.9,12.8,10.5,12.2,12.5,11.8,11.5,11.1,10.9,9.3,9.1,6.6,6.4,6.8,4.4,4.6,4.3,4.3,4.2,4,,
Caribbean small states,CSS,Poverty gap at $5.50 a day (2011 PPP) (% of population),SI.POV.UMIC.GP,,,,,,,,,,,,,,,,,,,,,,,,,,,,,,,,,,,,,,
Cuba,CUB,Poverty gap at $5.50 a day (2011 PPP) (% of population),SI.POV.UMIC.GP,,,,,,,,,,,,,,,,,,,,,,,,,,,,,,,,,,,,,,
Curacao,CUW,Poverty gap at $5.50 a day (2011 PPP) (% of population),SI.POV.UMIC.GP,,,,,,,,,,,,,,,,,,,,,,,,,,,,,,,,,,,,,,
Cayman Islands,CYM,Poverty gap at $5.50 a day (2011 PPP) (% of population),SI.POV.UMIC.GP,,,,,,,,,,,,,,,,,,,,,,,,,,,,,,,,,,,,,,
Cyprus,CYP,Poverty gap at $5.50 a day (2011 PPP) (% of population),SI.POV.UMIC.GP,,,,,,,,,,,,,,,,,,,,,,,,,0.2,0.1,0,0.1,0,0.2,0.2,0.1,0.1,0.1,0.1,,,
Czech Republic,CZE,Poverty gap at $5.50 a day (2011 PPP) (% of population),SI.POV.UMIC.GP,,,,,,,,,0,,,,,0.1,,,0.3,,,,,,,,0.2,0.1,0.1,0.2,0.1,0.1,0.2,0.1,0.2,0.1,0.1,,,
Germany,DEU,Poverty gap at $5.50 a day (2011 PPP) (% of population),SI.POV.UMIC.GP,,,,,,,,,,,,,,,,,,,,,,,,,,,0.3,0.2,0.2,0.1,0.2,0.1,,0,,,,
Djibouti,DJI,Poverty gap at $5.50 a day (2011 PPP) (% of population),SI.POV.UMIC.GP,,,,,,,,,,,,,,,,,,,,,,,37.2,,,,,,,,,,32.6,36.2,,,,
Dominica,DMA,Poverty gap at $5.50 a day (2011 PPP) (% of population),SI.POV.UMIC.GP,,,,,,,,,,,,,,,,,,,,,,,,,,,,,,,,,,,,,,
Denmark,DNK,Poverty gap at $5.50 a day (2011 PPP) (% of population),SI.POV.UMIC.GP,,,,,,,,,,,,,,,,,,,,,,,,,0.3,0.3,0.2,0.2,0.3,0.5,0.3,0.1,0.2,0.3,0.3,,,
Dominican Republic,DOM,Poverty gap at $5.50 a day (2011 PPP) (% of population),SI.POV.UMIC.GP,,,,,,,49,,,46.7,,,15.5,,,,12.2,11.6,,,11.8,11.3,12.6,15.7,19.5,14.7,13.1,12.5,12.8,11.4,11.2,10.4,10.5,10,8.5,7.2,,
Algeria,DZA,Poverty gap at $5.50 a day (2011 PPP) (% of population),SI.POV.UMIC.GP,,,,,,,,,21.6,,,,,,,20.6,,,,,,,,,,,,,,,,6.7,,,,,,
East Asia & Pacific (excluding high income),EAP,Poverty gap at $5.50 a day (2011 PPP) (% of population),SI.POV.UMIC.GP,,,,,,,,,,,,,,,,,,,,,,,,,,,,,,,,,,,,,,
Early-demographic dividend,EAR,Poverty gap at $5.50 a day (2011 PPP) (% of population),SI.POV.UMIC.GP,,,,,,,,,,,,,,,,,,,,,,,,,,,,,,,,,,,,,,
East Asia & Pacific,EAS,Poverty gap at $5.50 a day (2011 PPP) (% of population),SI.POV.UMIC.GP,,84.5,,,68.9,,,64.2,,,63.9,,,59.8,,,52.3,,,50.1,,,43.2,,,34.7,,,29.3,,24.4,21.7,19.6,15.4,,,,
Europe & Central Asia (excluding high income),ECA,Poverty gap at $5.50 a day (2011 PPP) (% of population),SI.POV.UMIC.GP,,,,,,,,,,,,,,,,,,,,,,,,,,,,,,,,,,,,,,
Europe & Central Asia,ECS,Poverty gap at $5.50 a day (2011 PPP) (% of population),SI.POV.UMIC.GP,,,,,,,,9.5,,,12,,,14,,,16.9,,,18.3,,,13.5,,,10,,,6.7,,6.6,6.3,6.1,5.8,,,,
Ecuador,ECU,Poverty gap at $5.50 a day (2011 PPP) (% of population),SI.POV.UMIC.GP,,,,,,,,33.8,,,,,,,29.3,,,,29.3,33,39.5,,,28.1,26.1,23.3,19.1,19.4,18.5,18.5,16.1,14,13.2,11.8,10.5,11.3,,
"Egypt, Arab Rep.",EGY,Poverty gap at $5.50 a day (2011 PPP) (% of population),SI.POV.UMIC.GP,,,,,,,,,,,30.8,,,,,31.3,,,,23,,,,,28.3,,,,27.4,,25.2,,23.2,,,18.5,,
Euro area,EMU,Poverty gap at $5.50 a day (2011 PPP) (% of population),SI.POV.UMIC.GP,,,,,,,,,,,,,,,,,,,,,,,,,,,,,,,,,,,,,,
Eritrea,ERI,Poverty gap at $5.50 a day (2011 PPP) (% of population),SI.POV.UMIC.GP,,,,,,,,,,,,,,,,,,,,,,,,,,,,,,,,,,,,,,
Spain,ESP,Poverty gap at $5.50 a day (2011 PPP) (% of population),SI.POV.UMIC.GP,,,,,,,,,,,,,,,,,,,,,,,,,1.1,1,0.9,1.1,0.8,1.1,1,1.6,1.4,1.6,1.4,,,
Estonia,EST,Poverty gap at $5.50 a day (2011 PPP) (% of population),SI.POV.UMIC.GP,,,,,,,,,0.2,,,,,7.4,,,,,,,,,,5.1,3.1,1.9,1.4,0.9,0.9,1.1,1.6,1.6,1.4,1.6,1.4,,,
Ethiopia,ETH,Poverty gap at $5.50 a day (2011 PPP) (% of population),SI.POV.UMIC.GP,,,,,,,,,,,,,,,,66.7,,,,62.9,,,,,54.4,,,,,,52.2,,,,,,,
European Union,EUU,Poverty gap at $5.50 a day (2011 PPP) (% of population),SI.POV.UMIC.GP,,,,,,,,,,,,,,,,,,,,,,,,,,,,,,,,,,,,,,
Fragile and conflict affected situations,FCS,Poverty gap at $5.50 a day (2011 PPP) (% of population),SI.POV.UMIC.GP,,55.5,,,56.8,,,56.6,,,57.1,,,60.3,,,58.7,,,55.6,,,54.8,,,52.3,,,49.1,,47.4,47,45.5,44.4,,,,
Finland,FIN,Poverty gap at $5.50 a day (2011 PPP) (% of population),SI.POV.UMIC.GP,,,,,,,,,,,,,,,,,,,,,,,,,0.1,0.1,0.1,0.1,0.1,0.1,0.1,0.1,0.1,0.1,0.1,,,
Fiji,FJI,Poverty gap at $5.50 a day (2011 PPP) (% of population),SI.POV.UMIC.GP,,,,,,,,,,,,,,,,,,,,,,,19.4,,,,,,16.5,,,,,15.3,,,,
France,FRA,Poverty gap at $5.50 a day (2011 PPP) (% of population),SI.POV.UMIC.GP,,,,,,,,,,,,,,,,,,,,,,,,,0.1,0.1,0.1,0,0,,0.1,0.1,0,0.1,0,,,
Faroe Islands,FRO,Poverty gap at $5.50 a day (2011 PPP) (% of population),SI.POV.UMIC.GP,,,,,,,,,,,,,,,,,,,,,,,,,,,,,,,,,,,,,,
"Micronesia, Fed. Sts.",FSM,Poverty gap at $5.50 a day (2011 PPP) (% of population),SI.POV.UMIC.GP,,,,,,,,,,,,,,,,,,,,,,,,,,24.7,,,,,,,,31.2,,,,
Gabon,GAB,Poverty gap at $5.50 a day (2011 PPP) (% of population),SI.POV.UMIC.GP,,,,,,,,,,,,,,,,,,,,,,,,,,22.1,,,,,,,,,,,,
United Kingdom,GBR,Poverty gap at $5.50 a day (2011 PPP) (% of population),SI.POV.UMIC.GP,,,,,,,,,,,,,,,,,,,,,,,,,0.5,0.6,0.3,0.4,0.5,0.2,0.3,0.5,0.2,0.2,0.3,,,
Georgia,GEO,Poverty gap at $5.50 a day (2011 PPP) (% of population),SI.POV.UMIC.GP,,,,,,,,,,,,,,,,,16,31.3,30.3,35.3,37,38.4,33.1,33.4,31.7,31.2,29.5,31.7,30.1,30.6,32.7,31.5,29.6,25.2,22.7,21.8,,
Ghana,GHA,Poverty gap at $5.50 a day (2011 PPP) (% of population),SI.POV.UMIC.GP,,,,,,,,54.2,53.5,,,57,,,,,,,46.6,,,,,,,39.7,,,,,,,28.2,,,,,
Gibraltar,GIB,Poverty gap at $5.50 a day (2011 PPP) (% of population),SI.POV.UMIC.GP,,,,,,,,,,,,,,,,,,,,,,,,,,,,,,,,,,,,,,
Guinea,GIN,Poverty gap at $5.50 a day (2011 PPP) (% of population),SI.POV.UMIC.GP,,,,,,,,,,,,100,,,55.8,,,,,,,,64.7,,,,,63,,,,,51.7,,,,,
"Gambia, The",GMB,Poverty gap at $5.50 a day (2011 PPP) (% of population),SI.POV.UMIC.GP,,,,,,,,,,,,,,,,,,,69.8,,,,,53.5,,,,,,,,,,,,,,
Guinea-Bissau,GNB,Poverty gap at $5.50 a day (2011 PPP) (% of population),SI.POV.UMIC.GP,,,,,,,,,,,,51,,66.4,,,,,,,,,61.1,,,,,,,,66.4,,,,,,,
Equatorial Guinea,GNQ,Poverty gap at $5.50 a day (2011 PPP) (% of population),SI.POV.UMIC.GP,,,,,,,,,,,,,,,,,,,,,,,,,,,,,,,,,,,,,,
Greece,GRC,Poverty gap at $5.50 a day (2011 PPP) (% of population),SI.POV.UMIC.GP,,,,,,,,,,,,,,,,,,,,,,,,,0.9,0.6,0.8,0.8,0.5,0.7,1.3,2,2.6,2.5,2.8,,,
Grenada,GRD,Poverty gap at $5.50 a day (2011 PPP) (% of population),SI.POV.UMIC.GP,,,,,,,,,,,,,,,,,,,,,,,,,,,,,,,,,,,,,,
Greenland,GRL,Poverty gap at $5.50 a day (2011 PPP) (% of population),SI.POV.UMIC.GP,,,,,,,,,,,,,,,,,,,,,,,,,,,,,,,,,,,,,,
Guatemala,GTM,Poverty gap at $5.50 a day (2011 PPP) (% of population),SI.POV.UMIC.GP,,,,,,,56.6,,,45.5,,,,,,,,,23.2,,20,,,,,,20.2,,,,,23.5,,,21.2,,,
Guam,GUM,Poverty gap at $5.50 a day (2011 PPP) (% of population),SI.POV.UMIC.GP,,,,,,,,,,,,,,,,,,,,,,,,,,,,,,,,,,,,,,
Guyana,GUY,Poverty gap at $5.50 a day (2011 PPP) (% of population),SI.POV.UMIC.GP,,,,,,,,,,,,,46.8,,,,,,25,,,,,,,,,,,,,,,,,,,
High income,HIC,Poverty gap at $5.50 a day (2011 PPP) (% of population),SI.POV.UMIC.GP,,1.4,,,1.3,,,1.1,,,1.1,,,1.2,,,1.7,,,1,,,1,,,1,,,0.8,,0.9,0.9,0.8,0.8,,,,
"Hong Kong SAR, China",HKG,Poverty gap at $5.50 a day (2011 PPP) (% of population),SI.POV.UMIC.GP,,,,,,,,,,,,,,,,,,,,,,,,,,,,,,,,,,,,,,
Honduras,HND,Poverty gap at $5.50 a day (2011 PPP) (% of population),SI.POV.UMIC.GP,,,,,,,,,,46.2,51.3,44.4,40.9,35.8,37,38,40.6,32.1,35.1,35.9,,27.5,36.8,35.8,34.6,35.9,31.7,27.1,24.8,22.8,24.6,27.7,31.2,29.2,27.8,27.9,,
Heavily indebted poor countries (HIPC),HPC,Poverty gap at $5.50 a day (2011 PPP) (% of population),SI.POV.UMIC.GP,,,,,,,,,,,,,,,,,,,,,,,,,,,,,,,,,,,,,,
Croatia,HRV,Poverty gap at $5.50 a day (2011 PPP) (% of population),SI.POV.UMIC.GP,,,,,,,,,0,,,,,,,,,,,,,,,,,,,,,1.8,2.4,2.2,2.4,2.4,2.1,,,
Haiti,HTI,Poverty gap at $5.50 a day (2011 PPP) (% of population),SI.POV.UMIC.GP,,,,,,,,,,,,,,,,,,,,,,,,,,,,,,,,,39.8,,,,,
Hungary,HUN,Poverty gap at $5.50 a day (2011 PPP) (% of population),SI.POV.UMIC.GP,,,,,,,,0.1,,1.9,,,,0.5,,,,,,,,,,,0.6,1.4,0.4,0.4,0.3,0.3,0.4,0.5,1,0.9,1.2,,,
IBRD only,IBD,Poverty gap at $5.50 a day (2011 PPP) (% of population),SI.POV.UMIC.GP,,,,,,,,,,,,,,,,,,,,,,,,,,,,,,,,,,,,,,
IDA & IBRD total,IBT,Poverty gap at $5.50 a day (2011 PPP) (% of population),SI.POV.UMIC.GP,,,,,,,,,,,,,,,,,,,,,,,,,,,,,,,,,,,,,,
IDA total,IDA,Poverty gap at $5.50 a day (2011 PPP) (% of population),SI.POV.UMIC.GP,,58,,,58.4,,,58.8,,,58.9,,,59.4,,,57.2,,,56.8,,,56.5,,,51.8,,,48.7,,46.2,45.2,43.9,42.8,,,,
IDA blend,IDB,Poverty gap at $5.50 a day (2011 PPP) (% of population),SI.POV.UMIC.GP,,,,,,,,,,,,,,,,,,,,,,,,,,,,,,,,,,,,,,
Indonesia,IDN,Poverty gap at $5.50 a day (2011 PPP) (% of population),SI.POV.UMIC.GP,,,,,69,,,68.8,,,62.6,,,62.4,,,56.7,,66.2,55.6,56.1,54.2,46.3,45.3,45.8,44.1,47.4,42.8,41.8,40.5,36.2,34,32.9,31.3,29.5,27.4,25.1,
IDA only,IDX,Poverty gap at $5.50 a day (2011 PPP) (% of population),SI.POV.UMIC.GP,,,,,,,,,,,,,,,,,,,,,,,,,,,,,,,,,,,,,,
Isle of Man,IMN,Poverty gap at $5.50 a day (2011 PPP) (% of population),SI.POV.UMIC.GP,,,,,,,,,,,,,,,,,,,,,,,,,,,,,,,,,,,,,,
India,IND,Poverty gap at $5.50 a day (2011 PPP) (% of population),SI.POV.UMIC.GP,,,,61.5,,,,57.2,,,,,,57.7,,,,,,,,,,,53.3,,,,,49.6,,43.5,,,,,,
Not classified,INX,Poverty gap at $5.50 a day (2011 PPP) (% of population),SI.POV.UMIC.GP,,,,,,,,,,,,,,,,,,,,,,,,,,,,,,,,,,,,,,
Ireland,IRL,Poverty gap at $5.50 a day (2011 PPP) (% of population),SI.POV.UMIC.GP,,,,,,,,,,,,,,,,,,,,,,,,,0.1,0.1,0.3,0.1,0.3,0.6,0.7,0.7,0.5,0.8,0.5,,,
"Iran, Islamic Rep.",IRN,Poverty gap at $5.50 a day (2011 PPP) (% of population),SI.POV.UMIC.GP,,,,,,,17.8,,,,16.8,,,,13.4,,,,11.7,,,,,,,3.8,3.9,,,4,,,,1.9,2.8,,,
Iraq,IRQ,Poverty gap at $5.50 a day (2011 PPP) (% of population),SI.POV.UMIC.GP,,,,,,,,,,,,,,,,,,,,,,,,,,,19.9,,,,,,18.4,,,,,
Iceland,ISL,Poverty gap at $5.50 a day (2011 PPP) (% of population),SI.POV.UMIC.GP,,,,,,,,,,,,,,,,,,,,,,,,,0.2,0.1,0.2,0.1,0.1,0.1,0.2,0.2,0.1,0,0.1,,,
Israel,ISR,Poverty gap at $5.50 a day (2011 PPP) (% of population),SI.POV.UMIC.GP,,,,,,,1.3,,,,,,0.5,,,,,0.9,,,,0.6,,,,1.6,,1.3,,,1.2,,1.4,,,,,
Italy,ITA,Poverty gap at $5.50 a day (2011 PPP) (% of population),SI.POV.UMIC.GP,,,,,,,,,,,,,,,,,,,,,,,,,0.9,0.9,0.9,0.8,0.9,1.1,1.5,1.4,1.6,1.8,1.6,,,
Jamaica,JAM,Poverty gap at $5.50 a day (2011 PPP) (% of population),SI.POV.UMIC.GP,,,,,,,,,19.5,,17.9,,,25.9,,,14.5,,,10.1,,,11.2,,9.2,,,,,,,,,,,,,
Jordan,JOR,Poverty gap at $5.50 a day (2011 PPP) (% of population),SI.POV.UMIC.GP,,,,,,,5.2,,,,,,14.9,,,,,13.7,,,,,9.7,,,,5.8,,5.2,,3.8,,,,,,,
Japan,JPN,Poverty gap at $5.50 a day (2011 PPP) (% of population),SI.POV.UMIC.GP,,,,,,,,,,,,,,,,,,,,,,,,,,,,,0.5,,,,,,,,,
Kazakhstan,KAZ,Poverty gap at $5.50 a day (2011 PPP) (% of population),SI.POV.UMIC.GP,,,,,,,,,,,,,,,,,21.6,,,,,27.1,24,20.5,18.9,5.2,8.6,6.9,4.5,5,3.4,1.6,1.5,0.9,1,1.2,,
Kenya,KEN,Poverty gap at $5.50 a day (2011 PPP) (% of population),SI.POV.UMIC.GP,,,,,,,,,,,,,34.8,,34.2,,,36.4,,,,,,,,45.9,,,,,,,,,,,,
Kyrgyz Republic,KGZ,Poverty gap at $5.50 a day (2011 PPP) (% of population),SI.POV.UMIC.GP,,,,,,,,,,,,,,52.5,,,,,42.3,,55.4,52.9,51.8,49.5,34.9,38.5,30,29.4,22.6,20.8,22.8,21.4,22.5,24.3,20.9,23.1,,
Cambodia,KHM,Poverty gap at $5.50 a day (2011 PPP) (% of population),SI.POV.UMIC.GP,,,,,,,,,,,,,,,,,,,,,,,,,,,,,,,,,,,,,,
Kiribati,KIR,Poverty gap at $5.50 a day (2011 PPP) (% of population),SI.POV.UMIC.GP,,,,,,,,,,,,,,,,,,,,,,,,,,,29.1,,,,,,,,,,,
St. Kitts and Nevis,KNA,Poverty gap at $5.50 a day (2011 PPP) (% of population),SI.POV.UMIC.GP,,,,,,,,,,,,,,,,,,,,,,,,,,,,,,,,,,,,,,
"Korea, Rep.",KOR,Poverty gap at $5.50 a day (2011 PPP) (% of population),SI.POV.UMIC.GP,,,,,,,,,,,,,,,,,,,,,,,,,,,0.5,,0.5,,0.7,,0.5,,,,,
Kuwait,KWT,Poverty gap at $5.50 a day (2011 PPP) (% of population),SI.POV.UMIC.GP,,,,,,,,,,,,,,,,,,,,,,,,,,,,,,,,,,,,,,
Latin America & Caribbean (excluding high income),LAC,Poverty gap at $5.50 a day (2011 PPP) (% of population),SI.POV.UMIC.GP,,,,,,,,,,,,,,,,,,,,,,,,,,,,,,,,,,,,,,
Lao PDR,LAO,Poverty gap at $5.50 a day (2011 PPP) (% of population),SI.POV.UMIC.GP,,,,,,,,,,,,,49.8,,,,,54.8,,,,,51.3,,,,,47.1,,,,,42.9,,,,,
Lebanon,LBN,Poverty gap at $5.50 a day (2011 PPP) (% of population),SI.POV.UMIC.GP,,,,,,,,,,,,,,,,,,,,,,,,,,,,,,,,0.3,,,,,,
Liberia,LBR,Poverty gap at $5.50 a day (2011 PPP) (% of population),SI.POV.UMIC.GP,,,,,,,,,,,,,,,,,,,,,,,,,,,,68.6,,,,,,,53.8,,,
Libya,LBY,Poverty gap at $5.50 a day (2011 PPP) (% of population),SI.POV.UMIC.GP,,,,,,,,,,,,,,,,,,,,,,,,,,,,,,,,,,,,,,
St. Lucia,LCA,Poverty gap at $5.50 a day (2011 PPP) (% of population),SI.POV.UMIC.GP,,,,,,,,,,,,,,,,48.7,,,,,,,,,,,,,,,,,,,,,,
Latin America & Caribbean,LCN,Poverty gap at $5.50 a day (2011 PPP) (% of population),SI.POV.UMIC.GP,,25.4,,,28.4,,,24.3,,,25.2,,,24,,,23.5,,,22.9,,,22.3,,,19,,,14.3,,13,12.2,11.1,10.8,,,,
Least developed countries: UN classification,LDC,Poverty gap at $5.50 a day (2011 PPP) (% of population),SI.POV.UMIC.GP,,,,,,,,,,,,,,,,,,,,,,,,,,,,,,,,,,,,,,
Low income,LIC,Poverty gap at $5.50 a day (2011 PPP) (% of population),SI.POV.UMIC.GP,,66.1,,,67,,,66.6,,,67.8,,,69.7,,,68.3,,,67.7,,,66.5,,,63.3,,,61,,59.5,58.4,56.8,55.6,,,,
Liechtenstein,LIE,Poverty gap at $5.50 a day (2011 PPP) (% of population),SI.POV.UMIC.GP,,,,,,,,,,,,,,,,,,,,,,,,,,,,,,,,,,,,,,
Sri Lanka,LKA,Poverty gap at $5.50 a day (2011 PPP) (% of population),SI.POV.UMIC.GP,,,,,,35.5,,,,,33.8,,,,,32,,,,,,,28.4,,,,20.9,,,18.1,,,16.3,,,,,
Lower middle income,LMC,Poverty gap at $5.50 a day (2011 PPP) (% of population),SI.POV.UMIC.GP,,56.9,,,56,,,54.9,,,53,,,53.8,,,51.7,,,51.2,,,49.6,,,46.5,,,43.7,,40.9,38.7,37.3,35.5,,,,
Low & middle income,LMY,Poverty gap at $5.50 a day (2011 PPP) (% of population),SI.POV.UMIC.GP,,59.8,,,53.9,,,51.4,,,51.1,,,50.1,,,46.9,,,46.1,,,43,,,38.2,,,34.7,,32.1,30.1,28.7,26.4,,,,
Lesotho,LSO,Poverty gap at $5.50 a day (2011 PPP) (% of population),SI.POV.UMIC.GP,,,,,,,73.3,,,,,,,,69.8,,,,,,,,64.5,,,,,,,,63.2,,,,,,,
Late-demographic dividend,LTE,Poverty gap at $5.50 a day (2011 PPP) (% of population),SI.POV.UMIC.GP,,,,,,,,,,,,,,,,,,,,,,,,,,,,,,,,,,,,,,
Lithuania,LTU,Poverty gap at $5.50 a day (2011 PPP) (% of population),SI.POV.UMIC.GP,,,,,,,,,0.5,,,,,26.7,,,,,,,,,,,7,4.5,2.7,1.9,2.1,3.8,3.2,1.8,2,1.9,2.3,,,
Luxembourg,LUX,Poverty gap at $5.50 a day (2011 PPP) (% of population),SI.POV.UMIC.GP,,,,,,,,,,,,,,,,,,,,,,,,,0,0.1,0,0,0,0.1,0,0.1,0.1,0.1,0.2,,,
Latvia,LVA,Poverty gap at $5.50 a day (2011 PPP) (% of population),SI.POV.UMIC.GP,,,,,,,,,0.1,,,,,6.7,,6.1,7.1,,,,,,,,5.5,5.1,2.7,1.6,2.2,3.7,3.6,2.9,2.6,1.4,1,,,
"Macao SAR, China",MAC,Poverty gap at $5.50 a day (2011 PPP) (% of population),SI.POV.UMIC.GP,,,,,,,,,,,,,,,,,,,,,,,,,,,,,,,,,,,,,,
St. Martin (French part),MAF,Poverty gap at $5.50 a day (2011 PPP) (% of population),SI.POV.UMIC.GP,,,,,,,,,,,,,,,,,,,,,,,,,,,,,,,,,,,,,,
Morocco,MAR,Poverty gap at $5.50 a day (2011 PPP) (% of population),SI.POV.UMIC.GP,,,,,27.6,,,,,,17.2,,,,,,,,23.3,,23.2,,,,,,16.2,,,,,,,,,,,
Monaco,MCO,Poverty gap at $5.50 a day (2011 PPP) (% of population),SI.POV.UMIC.GP,,,,,,,,,,,,,,,,,,,,,,,,,,,,,,,,,,,,,,
Moldova,MDA,Poverty gap at $5.50 a day (2011 PPP) (% of population),SI.POV.UMIC.GP,,,,,,,,,,,,,,,,,,34.4,43.9,51.5,51.1,44.9,34.7,26.9,27.5,32.4,12.9,9.1,9.6,9,7.4,6,5.5,4.1,3.5,3.1,,
Madagascar,MDG,Poverty gap at $5.50 a day (2011 PPP) (% of population),SI.POV.UMIC.GP,53.8,,,,,,,,,,,,,68.6,,,,67,,66.4,,68.2,,,,69.5,,,,,73.4,,73.5,,,,,
Maldives,MDV,Poverty gap at $5.50 a day (2011 PPP) (% of population),SI.POV.UMIC.GP,,,,,,,,,,,,,,,,,,,,,,,31.1,,,,,,,21,,,,,,,,
Middle East & North Africa,MEA,Poverty gap at $5.50 a day (2011 PPP) (% of population),SI.POV.UMIC.GP,,,,,26.1,,,26.3,,,22.6,,,23.5,,,23.2,,,19.4,,,18,,,17.3,,,15.9,,14.7,14.5,13.9,13.3,,,,
Mexico,MEX,Poverty gap at $5.50 a day (2011 PPP) (% of population),SI.POV.UMIC.GP,,,,,18.2,,,,,,,,21.1,,20.2,,26.6,,25.8,,21.6,,20.3,,12.7,,11.3,,11.9,,11.9,,10.5,,11.8,,,
Marshall Islands,MHL,Poverty gap at $5.50 a day (2011 PPP) (% of population),SI.POV.UMIC.GP,,,,,,,,,,,,,,,,,,,,,,,,,,,,,,,,,,,,,,
Middle income,MIC,Poverty gap at $5.50 a day (2011 PPP) (% of population),SI.POV.UMIC.GP,,,,,,,,,,,,,,,,,,,,,,,,,,,,,,,,,,,,,,
"Macedonia, FYR",MKD,Poverty gap at $5.50 a day (2011 PPP) (% of population),SI.POV.UMIC.GP,,,,,,,,,,,,,,,,,,,,,,,,,,,,,,,15.9,15.6,14.8,13,11.7,9.8,,
Mali,MLI,Poverty gap at $5.50 a day (2011 PPP) (% of population),SI.POV.UMIC.GP,,,,,,,,,,,,,,,79.3,,,,,,,61.9,,,,,57.8,,,58.1,,,,,,,,
Malta,MLT,Poverty gap at $5.50 a day (2011 PPP) (% of population),SI.POV.UMIC.GP,,,,,,,,,,,,,,,,,,,,,,,,,,,,,,,,,,,,,,
Myanmar,MMR,Poverty gap at $5.50 a day (2011 PPP) (% of population),SI.POV.UMIC.GP,,,,,,,,,,,,,,,,,,,,,,,,,,,,,,,,,,,,26.1,,
Middle East & North Africa (excluding high income),MNA,Poverty gap at $5.50 a day (2011 PPP) (% of population),SI.POV.UMIC.GP,,,,,,,,,,,,,,,,,,,,,,,,,,,,,,,,,,,,,,
Montenegro,MNE,Poverty gap at $5.50 a day (2011 PPP) (% of population),SI.POV.UMIC.GP,,,,,,,,,,,,,,,,,,,,,,,,,,2.1,2,1.2,0.7,1.3,0.8,1.4,2.7,2.4,1.1,,,
Mongolia,MNG,Poverty gap at $5.50 a day (2011 PPP) (% of population),SI.POV.UMIC.GP,,,,,,,,,,,,,,,,31.3,,,47.2,,,,28.9,,,,,12.9,,,10.9,8.9,6.3,,4.5,,,
Northern Mariana Islands,MNP,Poverty gap at $5.50 a day (2011 PPP) (% of population),SI.POV.UMIC.GP,,,,,,,,,,,,,,,,,,,,,,,,,,,,,,,,,,,,,,
Mozambique,MOZ,Poverty gap at $5.50 a day (2011 PPP) (% of population),SI.POV.UMIC.GP,,,,,,,,,,,,,,,,,78.2,,,,,,74.9,,,,,,68.9,,,,,,,,,
Mauritania,MRT,Poverty gap at $5.50 a day (2011 PPP) (% of population),SI.POV.UMIC.GP,,,,,,,,51.4,,,,,,51.9,,38.2,,,,,35.5,,,,33.7,,,,27.4,,,,,,21.3,,,
Mauritius,MUS,Poverty gap at $5.50 a day (2011 PPP) (% of population),SI.POV.UMIC.GP,,,,,,,,,,,,,,,,,,,,,,,,,,,4.8,,,,,,4.4,,,,,
Malawi,MWI,Poverty gap at $5.50 a day (2011 PPP) (% of population),SI.POV.UMIC.GP,,,,,,,,,,,,,,,,,,64.5,,,,,,,70.5,,,,,,69.7,,,,,,,
Malaysia,MYS,Poverty gap at $5.50 a day (2011 PPP) (% of population),SI.POV.UMIC.GP,,,,,11.5,,,11.1,,10.7,,,10.2,,,10,,6.6,,,,,,,3.2,,,4,,3.7,,,,,,,,
North America,NAC,Poverty gap at $5.50 a day (2011 PPP) (% of population),SI.POV.UMIC.GP,,,,,,,,,,,,,,,,,,,,,,,,,,,,,,,,,,,,,,
Namibia,NAM,Poverty gap at $5.50 a day (2011 PPP) (% of population),SI.POV.UMIC.GP,,,,,,,,,,,,,,,,,,,,,,,,41.8,,,,,,35.5,,,,,,,,
New Caledonia,NCL,Poverty gap at $5.50 a day (2011 PPP) (% of population),SI.POV.UMIC.GP,,,,,,,,,,,,,,,,,,,,,,,,,,,,,,,,,,,,,,
Niger,NER,Poverty gap at $5.50 a day (2011 PPP) (% of population),SI.POV.UMIC.GP,,,,,,,,,,,,,73.2,,76.4,,,,,,,,,,,71.8,,69.2,,,,59.5,,,56.3,,,
Nigeria,NGA,Poverty gap at $5.50 a day (2011 PPP) (% of population),SI.POV.UMIC.GP,,,,,,54.9,,,,,,,61.7,,,,65.1,,,,,,,60.7,,,,,,59.6,,,,,,,,
Nicaragua,NIC,Poverty gap at $5.50 a day (2011 PPP) (% of population),SI.POV.UMIC.GP,,,,,,,,,,,,,,45.4,,,,,36.6,,,30.5,,,,22.8,,,,19.9,,,,,12.9,,,
Netherlands,NLD,Poverty gap at $5.50 a day (2011 PPP) (% of population),SI.POV.UMIC.GP,,,,,,,,,,,,,,,,,,,,,,,,,0.4,0.2,0.1,0.1,0.2,0.2,0.1,0.1,0.1,0.1,0.1,,,
Norway,NOR,Poverty gap at $5.50 a day (2011 PPP) (% of population),SI.POV.UMIC.GP,,,,,,,,,,,,,,,,,,,,,,,,,0.3,0.3,0.3,0.2,0.2,0.1,0.1,0.1,0.1,0.2,0.1,,,
Nepal,NPL,Poverty gap at $5.50 a day (2011 PPP) (% of population),SI.POV.UMIC.GP,,,,,,,,,,,,,,,,64.4,,,,,,,,55.2,,,,,,,38.5,,,,,,,
Nauru,NRU,Poverty gap at $5.50 a day (2011 PPP) (% of population),SI.POV.UMIC.GP,,,,,,,,,,,,,,,,,,,,,,,,,,,,,,,,,,,,,,
New Zealand,NZL,Poverty gap at $5.50 a day (2011 PPP) (% of population),SI.POV.UMIC.GP,,,,,,,,,,,,,,,,,,,,,,,,,,,,,,,,,,,,,,
OECD members,OED,Poverty gap at $5.50 a day (2011 PPP) (% of population),SI.POV.UMIC.GP,,,,,,,,,,,,,,,,,,,,,,,,,,,,,,,,,,,,,,
Oman,OMN,Poverty gap at $5.50 a day (2011 PPP) (% of population),SI.POV.UMIC.GP,,,,,,,,,,,,,,,,,,,,,,,,,,,,,,,,,,,,,,
Other small states,OSS,Poverty gap at $5.50 a day (2011 PPP) (% of population),SI.POV.UMIC.GP,,,,,,,,,,,,,,,,,,,,,,,,,,,,,,,,,,,,,,
Pakistan,PAK,Poverty gap at $5.50 a day (2011 PPP) (% of population),SI.POV.UMIC.GP,,,,,,,,64.7,,,64,,,,,,44.5,,46.7,,,50.5,,,43,42.5,,40,,,36.3,35.4,,32,,,,
Panama,PAN,Poverty gap at $5.50 a day (2011 PPP) (% of population),SI.POV.UMIC.GP,,,,,,,,,,30.3,,27.8,,,,22.2,,20.9,21.1,19.2,20.3,22.3,18.8,18,17.1,16.6,16.9,14.2,10.4,9.1,9.5,8.4,8.5,7.3,7.4,6.2,,
Peru,PER,Poverty gap at $5.50 a day (2011 PPP) (% of population),SI.POV.UMIC.GP,,,,,,,,,,,,,,,,,,26.8,26,26.7,25.8,27.5,24.9,23.1,21.5,23.2,20.6,17.7,15.2,13.6,11.6,10.7,9.8,9.2,8.6,8.3,,
Philippines,PHL,Poverty gap at $5.50 a day (2011 PPP) (% of population),SI.POV.UMIC.GP,,,,,,43.2,,,41.1,,,40.5,,,39.2,,,33,,,32.8,,,31.1,,,31.6,,,28.9,,,29.9,,,26.6,,
Palau,PLW,Poverty gap at $5.50 a day (2011 PPP) (% of population),SI.POV.UMIC.GP,,,,,,,,,,,,,,,,,,,,,,,,,,,,,,,,,,,,,,
Papua New Guinea,PNG,Poverty gap at $5.50 a day (2011 PPP) (% of population),SI.POV.UMIC.GP,,,,,,,,,,,,,,,,,57.6,,,,,,,,,,,,,50.2,,,,,,,,
Poland,POL,Poverty gap at $5.50 a day (2011 PPP) (% of population),SI.POV.UMIC.GP,,,,,,,,,,,,,,5.7,,,19.2,,1.8,2.1,2.3,2.5,2.7,2.2,2.3,2.6,1.8,1.3,1,0.9,0.9,0.9,0.8,0.9,0.8,,,
Pre-demographic dividend,PRE,Poverty gap at $5.50 a day (2011 PPP) (% of population),SI.POV.UMIC.GP,,,,,,,,,,,,,,,,,,,,,,,,,,,,,,,,,,,,,,
Puerto Rico,PRI,Poverty gap at $5.50 a day (2011 PPP) (% of population),SI.POV.UMIC.GP,,,,,,,,,,,,,,,,,,,,,,,,,,,,,,,,,,,,,,
"Korea, Dem. People’s Rep.",PRK,Poverty gap at $5.50 a day (2011 PPP) (% of population),SI.POV.UMIC.GP,,,,,,,,,,,,,,,,,,,,,,,,,,,,,,,,,,,,,,
Portugal,PRT,Poverty gap at $5.50 a day (2011 PPP) (% of population),SI.POV.UMIC.GP,,,,,,,,,,,,,,,,,,,,,,,,,1,1,0.6,0.7,0.7,0.5,0.6,0.9,1.5,1.7,1.4,,,
Paraguay,PRY,Poverty gap at $5.50 a day (2011 PPP) (% of population),SI.POV.UMIC.GP,,,,,,,,,,,5.4,,,,,19.6,,17,,16.9,,16.4,22.5,17.8,15.7,15,18.4,15.4,13,13.2,12.2,11.2,9.1,6.7,6.9,6.9,,
West Bank and Gaza,PSE,Poverty gap at $5.50 a day (2011 PPP) (% of population),SI.POV.UMIC.GP,,,,,,,,,,,,,,,,,,,,,,,,,7.1,6.7,5.6,8.9,,4.9,5.3,4.9,,,,,,
Pacific island small states,PSS,Poverty gap at $5.50 a day (2011 PPP) (% of population),SI.POV.UMIC.GP,,,,,,,,,,,,,,,,,,,,,,,,,,,,,,,,,,,,,,
Post-demographic dividend,PST,Poverty gap at $5.50 a day (2011 PPP) (% of population),SI.POV.UMIC.GP,,,,,,,,,,,,,,,,,,,,,,,,,,,,,,,,,,,,,,
French Polynesia,PYF,Poverty gap at $5.50 a day (2011 PPP) (% of population),SI.POV.UMIC.GP,,,,,,,,,,,,,,,,,,,,,,,,,,,,,,,,,,,,,,
Qatar,QAT,Poverty gap at $5.50 a day (2011 PPP) (% of population),SI.POV.UMIC.GP,,,,,,,,,,,,,,,,,,,,,,,,,,,,,,,,,,,,,,
Romania,ROU,Poverty gap at $5.50 a day (2011 PPP) (% of population),SI.POV.UMIC.GP,,,,,,,,,,,,,,,,,,,13.1,25.6,27.1,22.9,22.1,19.6,15.9,13.8,13.6,10.8,6.6,5.7,6.5,6.4,6,6,,,,
Russian Federation,RUS,Poverty gap at $5.50 a day (2011 PPP) (% of population),SI.POV.UMIC.GP,,,,,,,,,,,,,,9.4,,,9.8,6.2,8.1,12.7,10.2,8.8,5.6,5.5,4.8,3.9,3,1.9,1.1,1,0.9,0.7,0.6,0.5,0.5,0.5,,
Rwanda,RWA,Poverty gap at $5.50 a day (2011 PPP) (% of population),SI.POV.UMIC.GP,,,,,65.1,,,,,,,,,,,,,,,,72.4,,,,,67,,,,,62.2,,,62,,,,
South Asia,SAS,Poverty gap at $5.50 a day (2011 PPP) (% of population),SI.POV.UMIC.GP,,62,,,60.8,,,58.7,,,57.1,,,57.2,,,54.7,,,,,,53.6,,,50.8,,,48.3,,45.8,42.7,40.8,38.6,,,,
Saudi Arabia,SAU,Poverty gap at $5.50 a day (2011 PPP) (% of population),SI.POV.UMIC.GP,,,,,,,,,,,,,,,,,,,,,,,,,,,,,,,,,,,,,,
Sudan,SDN,Poverty gap at $5.50 a day (2011 PPP) (% of population),SI.POV.UMIC.GP,,,,,,,,,,,,,,,,,,,,,,,,,,,,,,32.6,,,,,,,,
Senegal,SEN,Poverty gap at $5.50 a day (2011 PPP) (% of population),SI.POV.UMIC.GP,,,,,,,,,,,,68.7,,,62.5,,,,,,,57.1,,,,51.1,,,,,,50.5,,,,,,
Singapore,SGP,Poverty gap at $5.50 a day (2011 PPP) (% of population),SI.POV.UMIC.GP,,,,,,,,,,,,,,,,,,,,,,,,,,,,,,,,,,,,,,
Solomon Islands,SLB,Poverty gap at $5.50 a day (2011 PPP) (% of population),SI.POV.UMIC.GP,,,,,,,,,,,,,,,,,,,,,,,,,,53.9,,,,,,,,43.5,,,,
Sierra Leone,SLE,Poverty gap at $5.50 a day (2011 PPP) (% of population),SI.POV.UMIC.GP,,,,,,,,,,69.4,,,,,,,,,,,,,,61.7,,,,,,,,59.6,,,,,,
El Salvador,SLV,Poverty gap at $5.50 a day (2011 PPP) (% of population),SI.POV.UMIC.GP,,,,,,,,,,28.2,,31,,,,32.9,34.3,,28,24.9,20.1,21.3,21.3,24.6,18.9,18.8,16.1,13.8,17.3,16.2,16.9,14.9,13.5,12,11.6,9.9,,
San Marino,SMR,Poverty gap at $5.50 a day (2011 PPP) (% of population),SI.POV.UMIC.GP,,,,,,,,,,,,,,,,,,,,,,,,,,,,,,,,,,,,,,
Somalia,SOM,Poverty gap at $5.50 a day (2011 PPP) (% of population),SI.POV.UMIC.GP,,,,,,,,,,,,,,,,,,,,,,,,,,,,,,,,,,,,,,
Serbia,SRB,Poverty gap at $5.50 a day (2011 PPP) (% of population),SI.POV.UMIC.GP,,,,,,,,,,,,,,,,,,,,,,,2.3,3,4.2,5,2.6,1.8,1.1,1.6,2.1,,,2,,,,
Sub-Saharan Africa (excluding high income),SSA,Poverty gap at $5.50 a day (2011 PPP) (% of population),SI.POV.UMIC.GP,,,,,,,,,,,,,,,,,,,,,,,,,,,,,,,,,,,,,,
South Sudan,SSD,Poverty gap at $5.50 a day (2011 PPP) (% of population),SI.POV.UMIC.GP,,,,,,,,,,,,,,,,,,,,,,,,,,,,,,51.3,,,,,,,,
Sub-Saharan Africa,SSF,Poverty gap at $5.50 a day (2011 PPP) (% of population),SI.POV.UMIC.GP,,,,,,,,,,,58.9,,,61.8,,,61.3,,,61.3,,,60.8,,,57.5,,,54.9,,54,53.1,52,50.9,,,,
Small states,SST,Poverty gap at $5.50 a day (2011 PPP) (% of population),SI.POV.UMIC.GP,,,,,,,,,,,,,,,,,,,,,,,,,,,,,,,,,,,,,,
Sao Tome and Principe,STP,Poverty gap at $5.50 a day (2011 PPP) (% of population),SI.POV.UMIC.GP,,,,,,,,,,,,,,,,,,,,,47.4,,,,,,,,,,50.7,,,,,,,
Suriname,SUR,Poverty gap at $5.50 a day (2011 PPP) (% of population),SI.POV.UMIC.GP,,,,,,,,,,,,,,,,,,,,34.3,,,,,,,,,,,,,,,,,,
Slovak Republic,SVK,Poverty gap at $5.50 a day (2011 PPP) (% of population),SI.POV.UMIC.GP,,,,,,,,,0,,,,0,,,,2,,,,,,,,1.1,0.8,0.7,0.8,0.6,0.6,0.6,0.5,0.5,1,1.4,,,
Slovenia,SVN,Poverty gap at $5.50 a day (2011 PPP) (% of population),SI.POV.UMIC.GP,,,,,,,,0.1,,,,,,0.1,,,,,,,,,,,0.1,0.2,0.1,0.1,0,0,0,0,0.1,0.1,0,,,
Sweden,SWE,Poverty gap at $5.50 a day (2011 PPP) (% of population),SI.POV.UMIC.GP,,,,,,,,,,,,,,,,,,,,,,,,,0.5,1.1,0.5,0.5,0.5,0.4,0.4,0.5,0.4,0.6,0.4,,,
Swaziland,SWZ,Poverty gap at $5.50 a day (2011 PPP) (% of population),SI.POV.UMIC.GP,,,,,,,,,,,,,,,78.2,,,,,,53.8,,,,,,,,,49.8,,,,,,,,
Sint Maarten (Dutch part),SXM,Poverty gap at $5.50 a day (2011 PPP) (% of population),SI.POV.UMIC.GP,,,,,,,,,,,,,,,,,,,,,,,,,,,,,,,,,,,,,,
Seychelles,SYC,Poverty gap at $5.50 a day (2011 PPP) (% of population),SI.POV.UMIC.GP,,,,,,,,,,,,,,,,,,,,,,,,,,,,,,,,,,2.4,,,,
Syrian Arab Republic,SYR,Poverty gap at $5.50 a day (2011 PPP) (% of population),SI.POV.UMIC.GP,,,,,,,,,,,,,,,,,,,,,,,,,15.8,,,,,,,,,,,,,
Turks and Caicos Islands,TCA,Poverty gap at $5.50 a day (2011 PPP) (% of population),SI.POV.UMIC.GP,,,,,,,,,,,,,,,,,,,,,,,,,,,,,,,,,,,,,,
Chad,TCD,Poverty gap at $5.50 a day (2011 PPP) (% of population),SI.POV.UMIC.GP,,,,,,,,,,,,,,,,,,,,,,,,65.9,,,,,,,,50.6,,,,,,
East Asia & Pacific (IDA & IBRD countries),TEA,Poverty gap at $5.50 a day (2011 PPP) (% of population),SI.POV.UMIC.GP,,,,,,,,,,,,,,,,,,,,,,,,,,,,,,,,,,,,,,
Europe & Central Asia (IDA & IBRD countries),TEC,Poverty gap at $5.50 a day (2011 PPP) (% of population),SI.POV.UMIC.GP,,,,,,,,,,,,,,,,,,,,,,,,,,,,,,,,,,,,,,
Togo,TGO,Poverty gap at $5.50 a day (2011 PPP) (% of population),SI.POV.UMIC.GP,,,,,,,,,,,,,,,,,,,,,,,,,,,59.4,,,,,58.7,,,,56.2,,
Thailand,THA,Poverty gap at $5.50 a day (2011 PPP) (% of population),SI.POV.UMIC.GP,,33.2,,,,,,,30.6,,27.9,,23.5,,17.9,,14.8,,14.3,16.7,17,,12.6,,9.9,,7.5,6.3,5.5,4.7,4.1,2.7,2.9,2.3,,,,
Tajikistan,TJK,Poverty gap at $5.50 a day (2011 PPP) (% of population),SI.POV.UMIC.GP,,,,,,,,,,,,,,,,,,,,63,,,,48.7,37.3,,,30,,22.6,,,47.5,45.9,43.3,18.8,,
Turkmenistan,TKM,Poverty gap at $5.50 a day (2011 PPP) (% of population),SI.POV.UMIC.GP,,,,,,,,,,,,,,,,,,,53.1,,,,,,,,,,,,,,,,,,,
Latin America & the Caribbean (IDA & IBRD countries),TLA,Poverty gap at $5.50 a day (2011 PPP) (% of population),SI.POV.UMIC.GP,,,,,,,,,,,,,,,,,,,,,,,,,,,,,,,,,,,,,,
Timor-Leste,TLS,Poverty gap at $5.50 a day (2011 PPP) (% of population),SI.POV.UMIC.GP,,,,,,,,,,,,,,,,,,,,,,54.3,,,,,,56.8,,,,,,,,,,
Middle East & North Africa (IDA & IBRD countries),TMN,Poverty gap at $5.50 a day (2011 PPP) (% of population),SI.POV.UMIC.GP,,,,,,,,,,,,,,,,,,,,,,,,,,,,,,,,,,,,,,
Tonga,TON,Poverty gap at $5.50 a day (2011 PPP) (% of population),SI.POV.UMIC.GP,,,,,,,,,,,,,,,,,,,,,,9.2,,,,,,,,9.2,,,,,,,,
South Asia (IDA & IBRD),TSA,Poverty gap at $5.50 a day (2011 PPP) (% of population),SI.POV.UMIC.GP,,,,,,,,,,,,,,,,,,,,,,,,,,,,,,,,,,,,,,
Sub-Saharan Africa (IDA & IBRD countries),TSS,Poverty gap at $5.50 a day (2011 PPP) (% of population),SI.POV.UMIC.GP,,,,,,,,,,,,,,,,,,,,,,,,,,,,,,,,,,,,,,
Trinidad and Tobago,TTO,Poverty gap at $5.50 a day (2011 PPP) (% of population),SI.POV.UMIC.GP,,,,,,,,,7.4,,,,11.8,,,,,,,,,,,,,,,,,,,,,,,,,
Tunisia,TUN,Poverty gap at $5.50 a day (2011 PPP) (% of population),SI.POV.UMIC.GP,,,,,,28.9,,,,,23.9,,,,,24.6,,,,,18.3,,,,,13.3,,,,,9.3,,,,,,,
Turkey,TUR,Poverty gap at $5.50 a day (2011 PPP) (% of population),SI.POV.UMIC.GP,,,,,,,,11,,,,,,,12.2,,,,,,,,10.4,12.8,9.3,9,7.6,6.5,5.4,5,4.8,4.1,3.7,3.2,2.9,,,
Tuvalu,TUV,Poverty gap at $5.50 a day (2011 PPP) (% of population),SI.POV.UMIC.GP,,,,,,,,,,,,,,,,,,,,,,,,,,,,,,,16.1,,,,,,,
Tanzania,TZA,Poverty gap at $5.50 a day (2011 PPP) (% of population),SI.POV.UMIC.GP,,,,,,,,,,,,70.3,,,,,,,,,78.8,,,,,,,60.7,,,,57.8,,,,,,
Uganda,UGA,Poverty gap at $5.50 a day (2011 PPP) (% of population),SI.POV.UMIC.GP,,,,,,,,,,80.6,,,68.1,,,,63.4,,,65.4,,,63.7,,,58.9,,,,52.5,,,48.9,,,,,
Ukraine,UKR,Poverty gap at $5.50 a day (2011 PPP) (% of population),SI.POV.UMIC.GP,,,,,,,,,,,,,,,,18,20.7,,,,,,13.7,9.7,7.3,4.3,3.2,2.9,1.4,1.7,1,0.9,0.7,0.5,0.5,1.4,,
Upper middle income,UMC,Poverty gap at $5.50 a day (2011 PPP) (% of population),SI.POV.UMIC.GP,,61.4,,,50.1,,,46,,,46.8,,,43.5,,,38.8,,,37.3,,,32,,,24.8,,,19.6,,16.8,14.6,12.9,9.8,,,,
Uruguay,URY,Poverty gap at $5.50 a day (2011 PPP) (% of population),SI.POV.UMIC.GP,,4.5,,,,,,,,2.6,,,,,,,,,,,,,,,,,5.7,4.9,3.5,2.9,2.5,2.1,2.1,2,1.7,1.7,,
United States,USA,Poverty gap at $5.50 a day (2011 PPP) (% of population),SI.POV.UMIC.GP,,,,,,,0.7,,,,,0.7,,,0.8,,,0.9,,,0.9,,,,1.2,,,1.2,,,1.3,,,1.3,,,,
Uzbekistan,UZB,Poverty gap at $5.50 a day (2011 PPP) (% of population),SI.POV.UMIC.GP,,,,,,,,,,,,,,,,,,,55.4,,68.1,,66,67.1,,,,,,,,,,,,,,
St. Vincent and the Grenadines,VCT,Poverty gap at $5.50 a day (2011 PPP) (% of population),SI.POV.UMIC.GP,,,,,,,,,,,,,,,,,,,,,,,,,,,,,,,,,,,,,,
"Venezuela, RB",VEN,Poverty gap at $5.50 a day (2011 PPP) (% of population),SI.POV.UMIC.GP,,8.6,,,,,,9.3,,14.1,,,9.2,,,17.3,,,19.2,18.9,,17.9,25.4,30.3,26.8,23.1,14.8,,,,,,,,,,,
British Virgin Islands,VGB,Poverty gap at $5.50 a day (2011 PPP) (% of population),SI.POV.UMIC.GP,,,,,,,,,,,,,,,,,,,,,,,,,,,,,,,,,,,,,,
Virgin Islands (U.S.),VIR,Poverty gap at $5.50 a day (2011 PPP) (% of population),SI.POV.UMIC.GP,,,,,,,,,,,,,,,,,,,,,,,,,,,,,,,,,,,,,,
Vietnam,VNM,Poverty gap at $5.50 a day (2011 PPP) (% of population),SI.POV.UMIC.GP,,,,,,,,,,,,,57.6,,,,,,50.7,,,,51.4,,44.3,,38.8,,35.7,,16.5,,13.4,,11.5,,,
Vanuatu,VUT,Poverty gap at $5.50 a day (2011 PPP) (% of population),SI.POV.UMIC.GP,,,,,,,,,,,,,,,,,,,,,,,,,,,,,,,31.7,,,,,,,
World,WLD,Poverty gap at $5.50 a day (2011 PPP) (% of population),SI.POV.UMIC.GP,,47.7,,,43.3,,,41.6,,,41.6,,,41.1,,,38.7,,,38.1,,,35.7,,,31.9,,,29,,26.9,25.3,24.1,22.3,,,,
Samoa,WSM,Poverty gap at $5.50 a day (2011 PPP) (% of population),SI.POV.UMIC.GP,,,,,,,,,,,,,,,,,,,,,,,,,,,,,10.7,,,,,,,,,
Kosovo,XKX,Poverty gap at $5.50 a day (2011 PPP) (% of population),SI.POV.UMIC.GP,,,,,,,,,,,,,,,,,,,,,,,,16.9,,17.7,17.4,,,13.8,13.9,11,7.4,5.8,,,,
"Yemen, Rep.",YEM,Poverty gap at $5.50 a day (2011 PPP) (% of population),SI.POV.UMIC.GP,,,,,,,,,,,,,,,,,,,23.4,,,,,,,31.5,,,,,,,,,39.3,,,
South Africa,ZAF,Poverty gap at $5.50 a day (2011 PPP) (% of population),SI.POV.UMIC.GP,,,,,,,,,,,,,,36.6,,,41.3,,,,39.5,,,,,,36.7,,28.5,,,27.8,,,,,,
Zambia,ZMB,Poverty gap at $5.50 a day (2011 PPP) (% of population),SI.POV.UMIC.GP,,,,,,,,,,,,59,,59.5,,,50,,50.7,,,,57.5,,60,,62.5,,,,64.3,,,,,60,,
Zimbabwe,ZWE,Poverty gap at $5.50 a day (2011 PPP) (% of population),SI.POV.UMIC.GP,,,,,,,,,,,,,,,,,,,,,,,,,,,,,,,,36.1,,,,,,